County Cod,State Code,Census Tra,Geoid,Holc Grade,Holc Id,Id,Map Id,Msamd,Municipali,Name,Polygon Id,St Name,State,Year,Geometry,Holc Area,Holc Prop,Sheets,Tract Prop
1,6,421200,6001421200,B,B5,17,17,36084,,,6668,Oakland,CA,2019,Polygon,0.427332834,0.024296,1,0.019835825
1,6,402500,6001402500,D,D8,17,17,36084,,,6680,Oakland,CA,2019,Polygon,1.677309005,0.007479854,1,0.088914381
1,6,423602,6001423602,B,B8,17,17,36084,,,6681,Oakland,CA,2019,Polygon,0.464798786,0.1188328,1,0.35481824
1,6,400400,6001400400,B,B8,17,17,36084,,,6681,Oakland,CA,2019,Polygon,0.464798786,0.000154034,1,0.000263513
1,6,421200,6001421200,B,B1,17,17,36084,,,6659,Oakland,CA,2019,Polygon,0.097637388,0.003732287,1,0.00069621
1,6,421300,6001421300,B,B1,17,17,36084,,,6659,Oakland,CA,2019,Polygon,0.097637388,0.993030571,1,0.226919942
1,6,420600,6001420600,B,B6,17,17,36084,,,6661,Oakland,CA,2019,Polygon,0.032875577,3.91E-07,1,4.22E-08
1,6,424001,6001424001,D,D7,17,17,36084,,,6679,Oakland,CA,2019,Polygon,1.001768438,7.38E-05,1,0.000374892
1,6,421500,6001421500,D,D1,17,17,36084,,,6664,Oakland,CA,2019,Polygon,0.087068132,0.899463412,1,0.127224688
1,6,422200,6001422200,C,C4,17,17,36084,,,6669,Oakland,CA,2019,Polygon,0.25427955,0.000374719,1,0.0003657
1,6,422400,6001422400,C,C4,17,17,36084,,,6669,Oakland,CA,2019,Polygon,0.25427955,0.289022192,1,0.400248364
1,6,421700,6001421700,C,C4,17,17,36084,,,6669,Oakland,CA,2019,Polygon,0.25427955,0.191727202,1,0.220047619
1,6,425102,6001425102,D,D3,17,17,36084,,,6672,Oakland,CA,2019,Polygon,1.38031327,0.000709496,1,0.003486108
1,6,400800,6001400800,D,D6,17,17,36084,,,6674,Oakland,CA,2019,Polygon,0.613439857,0.001321984,1,0.00302113
1,6,400800,6001400800,D,D4,17,17,36084,,,6675,Oakland,CA,2019,MultiPolygon,0.873331116,0.008949827,1,0.029118219
1,6,424001,6001424001,C,C7,17,17,36084,,,6676,Oakland,CA,2019,Polygon,0.508972394,0.000496039,1,0.001280129
1,6,400700,6001400700,C,C8,17,17,36084,,,6678,Oakland,CA,2019,Polygon,0.095343002,0.005392552,1,0.001512338
1,6,425104,6001425104,D,D8,17,17,36084,,,6680,Oakland,CA,2019,Polygon,1.677309005,0.00103848,1,0.004193009
1,6,402400,6001402400,D,D8,17,17,36084,,,6680,Oakland,CA,2019,Polygon,1.677309005,0.010365696,1,0.133592626
1,6,423700,6001423700,B,B8,17,17,36084,,,6681,Oakland,CA,2019,MultiPolygon,0.464798786,0.217964348,1,0.352652591
1,6,404300,6001404300,C,C16,17,17,36084,,,6683,Oakland,CA,2019,Polygon,0.664114926,0.224662762,1,0.208201793
1,6,404200,6001404200,C,C16,17,17,36084,,,6683,Oakland,CA,2019,Polygon,0.664114926,0.000670277,1,0.000422482
1,6,404800,6001404800,A,A,17,17,36084,,,6690,Oakland,CA,2019,Polygon,2.691419229,0.000294536,0,0.003267214
1,6,426100,6001426100,A,A7,17,17,36084,,,6692,Oakland,CA,2019,Polygon,0.596799043,0.87287149,1,0.451064261
1,6,406700,6001406700,B,B26,17,17,36084,,,6695,Oakland,CA,2019,Polygon,0.091567316,0.643891039,1,0.090694562
1,6,403900,6001403900,B,B18,17,17,36084,,,6704,Oakland,CA,2019,Polygon,0.167192079,0.208676729,1,0.182431027
1,6,405500,6001405500,B,B20,17,17,36084,,,6705,Oakland,CA,2019,MultiPolygon,0.136569375,0.002036336,1,0.001749436
1,6,405200,6001405200,B,B21,17,17,36084,,,6709,Oakland,CA,2019,Polygon,0.274396067,0.038274547,1,0.031844342
1,6,403800,6001403800,B,B21,17,17,36084,,,6709,Oakland,CA,2019,Polygon,0.274396067,0.00026813,1,0.000290311
1,6,426100,6001426100,B,B21,17,17,36084,,,6709,Oakland,CA,2019,Polygon,0.274396067,0.017059748,1,0.004053316
1,6,405302,6001405302,C,C17,17,17,36084,,,6711,Oakland,CA,2019,Polygon,0.17999977,0.03183979,1,0.07335718
1,6,405000,6001405000,C,C15,17,17,36084,,,6712,Oakland,CA,2019,Polygon,0.274434295,0.018634087,1,0.01632789
1,6,407800,6001407800,C,C23,17,17,36084,,,6724,Oakland,CA,2019,Polygon,0.733515916,0.077780591,1,0.119691161
1,6,408200,6001408200,C,C25,17,17,36084,,,6723,Oakland,CA,2019,Polygon,1.266125372,0.000142906,1,0.000519684
1,6,406800,6001406800,C,C25,17,17,36084,,,6723,Oakland,CA,2019,MultiPolygon,1.266125372,0.068724753,1,0.246969268
1,6,408700,6001408700,B,B31,17,17,36084,,,6746,Oakland,CA,2019,Polygon,0.5434196,0.00271947,1,0.003384168
1,6,406700,6001406700,C,C25,17,17,36084,,,6723,Oakland,CA,2019,MultiPolygon,1.266125372,0.000966571,1,0.001882517
1,6,408500,6001408500,B,B36,17,17,36084,,,6732,Oakland,CA,2019,Polygon,0.10852644,0.135665981,1,0.04586875
1,6,432100,6001432100,C,C31,17,17,36084,,,6737,Oakland,CA,2019,Polygon,0.045904034,1,1,0.110357006
1,6,408400,6001408400,C,C30,17,17,36084,,,6738,Oakland,CA,2019,Polygon,0.603061365,7.49E-05,1,0.000215645
1,6,432800,6001432800,C,C33,17,17,36084,,,6743,Oakland,CA,2019,Polygon,0.466062153,0.000402778,1,0.000132782
1,6,409800,6001409800,B,B38,17,17,36084,,,6745,Oakland,CA,2019,Polygon,0.893183911,0.188072906,2,0.243056947
1,6,408700,6001408700,C,C26,17,17,36084,,,6747,Oakland,CA,2019,Polygon,0.421445638,0.368498178,1,0.355638877
1,6,410300,6001410300,D,D18,17,17,36084,,,6751,Oakland,CA,2019,Polygon,2.577251588,0.013498013,1,0.155794792
1,6,409700,6001409700,D,D18,17,17,36084,,,6751,Oakland,CA,2019,Polygon,2.577251588,0.002921194,1,0.024034389
1,6,407300,6001407300,B,B46,17,17,36084,,,6758,Oakland,CA,2019,Polygon,0.101063413,0.031845903,1,0.00319382
1,6,420400,6001420400,C,C1,17,17,36084,,,6773,Oakland,CA,2019,Polygon,0.38495568,0.003675167,1,0.001336703
1,6,400300,6001400300,C,C9,17,17,36084,,,6764,Oakland,CA,2019,MultiPolygon,0.468681993,0.064052506,1,0.070343132
1,6,400600,6001400600,B,B10,17,17,36084,,,6766,Oakland,CA,2019,Polygon,0.039108476,0.865036817,1,0.294170123
1,6,421900,6001421900,C,C1,17,17,36084,,,6773,Oakland,CA,2019,MultiPolygon,0.38495568,0.019952139,1,0.023218391
1,6,422900,6001422900,D,D2,17,17,36084,,,6774,Oakland,CA,2019,MultiPolygon,0.743028476,0.000494452,1,0.001748251
1,6,407900,6001407900,C,C24,17,17,36084,,,6775,Oakland,CA,2019,Polygon,0.470032875,0.003853017,1,0.004266548
1,6,406500,6001406500,C,C24,17,17,36084,,,6775,Oakland,CA,2019,Polygon,0.470032875,0.006767567,1,0.011057933
1,6,400700,6001400700,C,C7,17,17,36084,,,6676,Oakland,CA,2019,Polygon,0.508972394,0.007322375,1,0.010962555
1,6,421500,6001421500,A,A1,17,17,36084,,,6662,Oakland,CA,2019,Polygon,0.740093518,0.19799014,1,0.238044871
1,6,421600,6001421600,D,D1,17,17,36084,,,6664,Oakland,CA,2019,Polygon,0.087068132,0.100536522,1,0.017042237
1,6,400100,6001400100,A,A3,17,17,36084,,,6665,Oakland,CA,2019,Polygon,0.500162874,0.004994133,1,0.000940028
1,6,422600,6001422600,A,A3,17,17,36084,,,6665,Oakland,CA,2019,Polygon,0.500162874,0.002862165,1,0.002158119
1,6,422300,6001422300,C,C3,17,17,36084,,,6666,Oakland,CA,2019,Polygon,0.374862337,1.16E-05,1,2.01E-05
1,6,420500,6001420500,C,C3,17,17,36084,,,6666,Oakland,CA,2019,Polygon,0.374862337,0.001724809,1,0.004022664
1,6,421700,6001421700,B,B4,17,17,36084,,,6667,Oakland,CA,2019,Polygon,0.507409085,0.122080229,1,0.279592218
1,6,421300,6001421300,B,B4,17,17,36084,,,6667,Oakland,CA,2019,Polygon,0.507409085,0.357937856,1,0.425069326
1,6,422600,6001422600,B,B5,17,17,36084,,,6668,Oakland,CA,2019,MultiPolygon,0.427332834,0.001564239,1,0.001007717
1,6,421900,6001421900,C,C4,17,17,36084,,,6669,Oakland,CA,2019,Polygon,0.25427955,0.000114204,1,8.78E-05
1,6,423602,6001423602,D,D4,17,17,36084,,,6675,Oakland,CA,2019,Polygon,0.873331116,0.001681868,1,0.009435727
1,6,423901,6001423901,D,D4,17,17,36084,,,6675,Oakland,CA,2019,Polygon,0.873331116,0.006441638,1,0.036884518
1,6,422800,6001422800,C,C7,17,17,36084,,,6676,Oakland,CA,2019,Polygon,0.508972394,0.00046601,1,0.001503565
1,6,402600,6001402600,D,D9,17,17,36084,,,6677,Oakland,CA,2019,Polygon,0.517818404,0.166365898,1,0.700037589
1,6,401400,6001401400,D,D7,17,17,36084,,,6679,Oakland,CA,2019,Polygon,1.001768438,0.147481914,1,0.506241242
1,6,424002,6001424002,D,D7,17,17,36084,,,6679,Oakland,CA,2019,Polygon,1.001768438,0.000948807,1,0.00746985
1,6,423601,6001423601,B,B8,17,17,36084,,,6681,Oakland,CA,2019,Polygon,0.464798786,0.142611757,1,0.327132115
1,6,400200,6001400200,B,B8,17,17,36084,,,6681,Oakland,CA,2019,Polygon,0.464798786,0.012402469,1,0.02508877
1,6,404502,6001404502,C,C16,17,17,36084,,,6683,Oakland,CA,2019,MultiPolygon,0.664114926,0.000474898,1,0.00026595
1,6,404300,6001404300,A,A5,17,17,36084,,,6684,Oakland,CA,2019,Polygon,0.192776402,1,1,0.269007259
1,6,426100,6001426100,B,B12,17,17,36084,,,6685,Oakland,CA,2019,Polygon,0.573773212,0.000258108,1,0.000128234
1,6,404400,6001404400,B,B12,17,17,36084,,,6685,Oakland,CA,2019,Polygon,0.573773212,0.041915247,1,0.015101532
1,6,400300,6001400300,B,B11,17,17,36084,,,6687,Oakland,CA,2019,MultiPolygon,0.340142127,0.00312363,1,0.002489587
1,6,404400,6001404400,A,A6,17,17,36084,,,6689,Oakland,CA,2019,Polygon,0.439684346,0.001901148,1,0.000524887
1,6,405000,6001405000,C,C17,17,17,36084,,,6711,Oakland,CA,2019,Polygon,0.17999977,0.123565594,1,0.071015485
1,6,403800,6001403800,C,C15,17,17,36084,,,6712,Oakland,CA,2019,Polygon,0.274434295,0.002555088,1,0.002766838
1,6,404700,6001404700,A,A,17,17,36084,,,6690,Oakland,CA,2019,Polygon,2.691419229,0.0906039,0,0.523713312
1,6,404900,6001404900,A,A,17,17,36084,,,6690,Oakland,CA,2019,Polygon,2.691419229,0.000354481,0,0.002442012
1,6,426100,6001426100,A,A,17,17,36084,,,6690,Oakland,CA,2019,MultiPolygon,2.691419229,0.000609356,0,0.00142008
1,6,406900,6001406900,B,B30,17,17,36084,,,6693,Oakland,CA,2019,Polygon,0.090340381,0.595744184,1,0.159680369
1,6,404800,6001404800,B,B26,17,17,36084,,,6695,Oakland,CA,2019,Polygon,0.091567316,0.356108964,1,0.134394479
1,6,406700,6001406700,B,B22,17,17,36084,,,6696,Oakland,CA,2019,Polygon,0.145429077,0.00764655,1,0.001710587
1,6,426200,6001426200,B,B16,17,17,36084,,,6700,Oakland,CA,2019,Polygon,0.074238256,0.020414245,1,0.002899397
1,6,404700,6001404700,A,A8,17,17,36084,,,6702,Oakland,CA,2019,MultiPolygon,0.463431588,0.00364436,1,0.003627207
1,6,406700,6001406700,B,B27,17,17,36084,,,6707,Oakland,CA,2019,Polygon,0.089483761,0.019885083,1,0.002737159
1,6,406800,6001406800,B,B28,17,17,36084,,,6708,Oakland,CA,2019,MultiPolygon,0.064363075,0.237918995,1,0.043462921
1,6,405302,6001405302,C,C15,17,17,36084,,,6712,Oakland,CA,2019,Polygon,0.274434295,0.033488651,1,0.11763499
1,6,403800,6001403800,A,A9,17,17,36084,,,6713,Oakland,CA,2019,Polygon,0.229020093,0.000286516,1,0.000258918
1,6,405100,6001405100,A,A9,17,17,36084,,,6713,Oakland,CA,2019,Polygon,0.229020093,0.933822414,1,0.437631683
1,6,426100,6001426100,B,B23,17,17,36084,,,6715,Oakland,CA,2019,Polygon,0.626622865,0.002814107,1,0.001526887
1,6,405500,6001405500,C,C19,17,17,36084,,,6718,Oakland,CA,2019,Polygon,0.801882008,0.088558434,1,0.44672043
1,6,404900,6001404900,C,C19,17,17,36084,,,6718,Oakland,CA,2019,Polygon,0.801882008,0.006008375,1,0.012332225
1,6,406202,6001406202,C,C20,17,17,36084,,,6720,Oakland,CA,2019,Polygon,0.218236835,0.462814867,1,0.667035117
1,6,408000,6001408000,C,C25,17,17,36084,,,6723,Oakland,CA,2019,Polygon,1.266125372,0.040176554,1,0.068563692
1,6,407800,6001407800,C,C25,17,17,36084,,,6723,Oakland,CA,2019,Polygon,1.266125372,0.051036707,1,0.135562841
1,6,408300,6001408300,C,C25,17,17,36084,,,6723,Oakland,CA,2019,Polygon,1.266125372,0.001790754,1,0.003859142
1,6,407900,6001407900,C,C23,17,17,36084,,,6724,Oakland,CA,2019,Polygon,0.733515916,0.001959753,1,0.003386558
1,6,406500,6001406500,C,C23,17,17,36084,,,6724,Oakland,CA,2019,Polygon,0.733515916,0.027696904,1,0.070624255
1,6,409800,6001409800,C,C27,17,17,36084,,,6727,Oakland,CA,2019,Polygon,0.273916193,0.010235144,1,0.00405651
1,6,408700,6001408700,C,C28,17,17,36084,,,6731,Oakland,CA,2019,Polygon,0.381870493,0.032905099,1,0.028774755
1,6,408600,6001408600,B,B34,17,17,36084,,,6734,Oakland,CA,2019,Polygon,0.173799891,0.576040434,1,0.244378958
1,6,432200,6001432200,C,C30,17,17,36084,,,6738,Oakland,CA,2019,Polygon,0.603061365,0.001430455,1,0.002182301
1,6,410400,6001410400,B,B40,17,17,36084,,,6739,Oakland,CA,2019,Polygon,0.310237011,0.000142223,1,0.000161728
1,6,410000,6001410000,B,B42,17,17,36084,,,6740,Oakland,CA,2019,Polygon,0.289272214,0.000436394,1,4.72E-05
1,6,432300,6001432300,B,B41,17,17,36084,,,6742,Oakland,CA,2019,Polygon,0.117962601,1,1,0.294295519
1,6,432200,6001432200,C,C33,17,17,36084,,,6743,Oakland,CA,2019,MultiPolygon,0.466062153,0.000373623,1,0.000440511
1,6,432600,6001432600,C,C33,17,17,36084,,,6743,Oakland,CA,2019,MultiPolygon,0.466062153,0.599680369,1,0.432564015
1,6,432200,6001432200,B,B39,17,17,36084,,,6744,Oakland,CA,2019,Polygon,0.056319029,0.036970383,1,0.005267299
1,6,410400,6001410400,B,B39,17,17,36084,,,6744,Oakland,CA,2019,Polygon,0.056319029,0.963029451,1,0.198800137
1,6,405402,6001405402,D,D11,17,17,36084,,,6750,Oakland,CA,2019,Polygon,0.690767397,0.000242448,1,0.001519999
1,6,408500,6001408500,D,D18,17,17,36084,,,6751,Oakland,CA,2019,MultiPolygon,2.577251588,0.021857851,1,0.175499012
1,6,427100,6001427100,B,B46,17,17,36084,,,6758,Oakland,CA,2019,Polygon,0.101063413,0.751578531,1,0.174411103
1,6,406100,6001406100,C,C40,17,17,36084,,,6762,Oakland,CA,2019,MultiPolygon,0.539280742,0.004434552,1,0.003171099
1,6,400200,6001400200,C,C9,17,17,36084,,,6764,Oakland,CA,2019,Polygon,0.468681993,0.001201658,1,0.002451125
1,6,404300,6001404300,C,C10,17,17,36084,,,6767,Oakland,CA,2019,MultiPolygon,0.526523345,0.008890439,1,0.006532072
1,6,403701,6001403701,C,C14,17,17,36084,,,6770,Oakland,CA,2019,Polygon,0.159715227,0.000475371,1,0.001130482
1,6,401400,6001401400,C,C11,17,17,36084,,,6772,Oakland,CA,2019,Polygon,0.370900031,0.037504861,1,0.047664588
1,6,408600,6001408600,C,C26,17,17,36084,,,6747,Oakland,CA,2019,Polygon,0.421445638,0.028852425,1,0.029681458
1,6,432100,6001432100,C,C30,17,17,36084,,,6738,Oakland,CA,2019,Polygon,0.603061365,4.58E-05,1,6.64E-05
1,6,404102,6001404102,B,B14,17,17,36084,,,6701,Oakland,CA,2019,Polygon,0.253936109,0.000295266,1,0.00084369
1,6,420500,6001420500,B,B3,17,17,36084,,,6660,Oakland,CA,2019,Polygon,0.301800918,0.069885088,1,0.131221799
1,6,421900,6001421900,B,B6,17,17,36084,,,6661,Oakland,CA,2019,Polygon,0.032875577,0.999999719,1,0.099381415
1,6,420300,6001420300,C,C2,17,17,36084,,,6657,Oakland,CA,2019,Polygon,0.096346412,0.989271698,1,0.102282448
1,6,420400,6001420400,C,C2,17,17,36084,,,6657,Oakland,CA,2019,Polygon,0.096346412,0.010728433,1,0.000976605
1,6,420100,6001420100,B,B2,17,17,36084,,,6658,Oakland,CA,2019,Polygon,0.225212508,0.832093203,1,0.878519257
1,6,420200,6001420200,B,B2,17,17,36084,,,6658,Oakland,CA,2019,Polygon,0.225212508,0.153168175,1,0.193147317
1,6,421300,6001421300,B,B2,17,17,36084,,,6658,Oakland,CA,2019,Polygon,0.225212508,0.012369409,1,0.006519816
1,6,421900,6001421900,B,B3,17,17,36084,,,6660,Oakland,CA,2019,Polygon,0.301800918,0.01849045,1,0.016869413
1,6,405902,6001405902,C,C18,17,17,36084,,,6717,Oakland,CA,2019,Polygon,0.28696851,0.000518805,1,0.000791335
1,6,420600,6001420600,B,B3,17,17,36084,,,6660,Oakland,CA,2019,Polygon,0.301800918,0.901526459,1,0.892656258
1,6,421300,6001421300,B,B3,17,17,36084,,,6660,Oakland,CA,2019,Polygon,0.301800918,0.010098004,1,0.007132635
1,6,421200,6001421200,A,A1,17,17,36084,,,6662,Oakland,CA,2019,Polygon,0.740093518,0.46090476,1,0.651698954
1,6,425103,6001425103,D,D7,17,17,36084,,,6679,Oakland,CA,2019,Polygon,1.001768438,0.005468169,1,0.016086649
1,6,421300,6001421300,A,A2,17,17,36084,,,6663,Oakland,CA,2019,Polygon,0.2570575,0.459255887,1,0.276298741
1,6,422400,6001422400,C,C5,17,17,36084,,,6670,Oakland,CA,2019,Polygon,0.512684728,0.051989964,1,0.145163303
1,6,421100,6001421100,A,A1,17,17,36084,,,6662,Oakland,CA,2019,Polygon,0.740093518,0.312348094,1,0.803105918
1,6,421400,6001421400,A,A1,17,17,36084,,,6662,Oakland,CA,2019,Polygon,0.740093518,0.017100858,1,0.069041962
1,6,421200,6001421200,A,A2,17,17,36084,,,6663,Oakland,CA,2019,Polygon,0.2570575,0.523994486,1,0.257339367
1,6,421800,6001421800,B,B4,17,17,36084,,,6667,Oakland,CA,2019,Polygon,0.507409085,0.256653935,1,0.638236582
1,6,421200,6001421200,B,B4,17,17,36084,,,6667,Oakland,CA,2019,Polygon,0.507409085,0.038910501,1,0.037720226
1,6,421900,6001421900,B,B4,17,17,36084,,,6667,Oakland,CA,2019,Polygon,0.507409085,0.071594673,1,0.109817326
1,6,420600,6001420600,B,B4,17,17,36084,,,6667,Oakland,CA,2019,MultiPolygon,0.507409085,0.013096706,1,0.021802462
1,6,422500,6001422500,B,B5,17,17,36084,,,6668,Oakland,CA,2019,MultiPolygon,0.427332834,0.040719353,1,0.097902459
1,6,422500,6001422500,C,C5,17,17,36084,,,6670,Oakland,CA,2019,Polygon,0.512684728,0.312534152,1,0.901517855
1,6,421600,6001421600,C,C5,17,17,36084,,,6670,Oakland,CA,2019,MultiPolygon,0.512684728,0.003331946,1,0.003325767
1,6,421700,6001421700,C,C5,17,17,36084,,,6670,Oakland,CA,2019,Polygon,0.512684728,0.056698516,1,0.131202942
1,6,421600,6001421600,A,A3,17,17,36084,,,6665,Oakland,CA,2019,MultiPolygon,0.500162874,0.529647064,1,0.515752732
1,6,421400,6001421400,B,B4,17,17,36084,,,6667,Oakland,CA,2019,Polygon,0.507409085,0.139726098,1,0.386762535
1,6,422400,6001422400,B,B5,17,17,36084,,,6668,Oakland,CA,2019,Polygon,0.427332834,0.028151216,1,0.06551645
1,6,425104,6001425104,D,D7,17,17,36084,,,6679,Oakland,CA,2019,Polygon,1.001768438,0.002492963,1,0.006011706
1,6,405600,6001405600,B,B20,17,17,36084,,,6705,Oakland,CA,2019,Polygon,0.136569375,0.009452027,1,0.007797391
1,6,421500,6001421500,A,A3,17,17,36084,,,6665,Oakland,CA,2019,Polygon,0.500162874,0.459580187,1,0.373423302
1,6,422200,6001422200,C,C3,17,17,36084,,,6666,Oakland,CA,2019,Polygon,0.374862337,0.407373922,1,0.586101408
1,6,421900,6001421900,C,C3,17,17,36084,,,6666,Oakland,CA,2019,Polygon,0.374862337,0.590889558,1,0.66959167
1,6,423902,6001423902,C,C7,17,17,36084,,,6676,Oakland,CA,2019,MultiPolygon,0.508972394,0.077608368,1,0.319916246
1,6,421600,6001421600,B,B5,17,17,36084,,,6668,Oakland,CA,2019,Polygon,0.427332834,0.534124211,1,0.444377481
1,6,421700,6001421700,B,B5,17,17,36084,,,6668,Oakland,CA,2019,Polygon,0.427332834,0.09752218,1,0.188101028
1,6,421500,6001421500,B,B5,17,17,36084,,,6668,Oakland,CA,2019,MultiPolygon,0.427332834,0.040180224,1,0.027893774
1,6,421400,6001421400,B,B5,17,17,36084,,,6668,Oakland,CA,2019,Polygon,0.427332834,0.233442573,1,0.544195505
1,6,422300,6001422300,C,C4,17,17,36084,,,6669,Oakland,CA,2019,Polygon,0.25427955,0.240314921,1,0.282595404
1,6,421800,6001421800,C,C4,17,17,36084,,,6669,Oakland,CA,2019,Polygon,0.25427955,0.278447676,1,0.347000865
1,6,400100,6001400100,C,C5,17,17,36084,,,6670,Oakland,CA,2019,Polygon,0.512684728,0.006385649,1,0.00123204
1,6,422600,6001422600,C,C5,17,17,36084,,,6670,Oakland,CA,2019,MultiPolygon,0.512684728,0.569059505,1,0.439822391
1,6,404501,6001404501,B,B12,17,17,36084,,,6685,Oakland,CA,2019,MultiPolygon,0.573773212,0.000429408,1,0.000572988
1,6,400100,6001400100,B,B7,17,17,36084,,,6671,Oakland,CA,2019,Polygon,0.523784276,0.838223402,1,0.16522725
1,6,422700,6001422700,B,B7,17,17,36084,,,6671,Oakland,CA,2019,Polygon,0.523784276,0.13396023,1,0.527743227
1,6,422600,6001422600,B,B7,17,17,36084,,,6671,Oakland,CA,2019,Polygon,0.523784276,0.027816257,1,0.021964455
1,6,422000,6001422000,D,D3,17,17,36084,,,6672,Oakland,CA,2019,MultiPolygon,1.38031327,0.744138967,1,0.256721529
1,6,425103,6001425103,D,D3,17,17,36084,,,6672,Oakland,CA,2019,Polygon,1.38031327,0.004955915,1,0.020088975
1,6,423200,6001423200,D,D3,17,17,36084,,,6672,Oakland,CA,2019,Polygon,1.38031327,0.117531427,1,0.919875246
1,6,400800,6001400800,D,D3,17,17,36084,,,6672,Oakland,CA,2019,Polygon,1.38031327,0.001094912,1,0.005630254
1,6,422100,6001422100,D,D3,17,17,36084,,,6672,Oakland,CA,2019,Polygon,1.38031327,0.131528115,1,0.854206279
1,6,420400,6001420400,D,D3,17,17,36084,,,6672,Oakland,CA,2019,MultiPolygon,1.38031327,4.27E-05,1,5.57E-05
1,6,423700,6001423700,C,C6,17,17,36084,,,6673,Oakland,CA,2019,Polygon,0.248860724,0.310349988,1,0.268846709
1,6,423602,6001423602,C,C6,17,17,36084,,,6673,Oakland,CA,2019,MultiPolygon,0.248860724,0.002694273,1,0.004307275
1,6,423601,6001423601,C,C6,17,17,36084,,,6673,Oakland,CA,2019,Polygon,0.248860724,0.000447212,1,0.000549253
1,6,422700,6001422700,C,C6,17,17,36084,,,6673,Oakland,CA,2019,Polygon,0.248860724,0.236891744,1,0.443405029
1,6,422800,6001422800,C,C6,17,17,36084,,,6673,Oakland,CA,2019,MultiPolygon,0.248860724,0.446300378,1,0.704070711
1,6,422600,6001422600,C,C6,17,17,36084,,,6673,Oakland,CA,2019,MultiPolygon,0.248860724,0.003316325,1,0.001244179
1,6,400500,6001400500,C,C7,17,17,36084,,,6676,Oakland,CA,2019,Polygon,0.508972394,0.003771061,1,0.008452788
1,6,401000,6001401000,C,C8,17,17,36084,,,6678,Oakland,CA,2019,Polygon,0.095343002,0.071008361,1,0.015193024
1,6,425103,6001425103,D,D6,17,17,36084,,,6674,Oakland,CA,2019,Polygon,0.613439857,0.535019525,1,0.963824377
1,6,425102,6001425102,D,D6,17,17,36084,,,6674,Oakland,CA,2019,MultiPolygon,0.613439857,0.086812928,1,0.189569958
1,6,425104,6001425104,D,D6,17,17,36084,,,6674,Oakland,CA,2019,Polygon,0.613439857,0.370014981,1,0.546393965
1,6,400900,6001400900,D,D6,17,17,36084,,,6674,Oakland,CA,2019,Polygon,0.613439857,0.004130364,1,0.015434977
1,6,401700,6001401700,D,D6,17,17,36084,,,6674,Oakland,CA,2019,Polygon,0.613439857,0.002705019,1,0.000360117
1,6,423500,6001423500,D,D4,17,17,36084,,,6675,Oakland,CA,2019,MultiPolygon,0.873331116,0.037357828,1,0.133021247
1,6,424001,6001424001,D,D4,17,17,36084,,,6675,Oakland,CA,2019,Polygon,0.873331116,0.195648184,1,0.866359471
1,6,423602,6001423602,C,C7,17,17,36084,,,6676,Oakland,CA,2019,MultiPolygon,0.508972394,0.163453049,1,0.534431289
1,6,423300,6001423300,D,D4,17,17,36084,,,6675,Oakland,CA,2019,Polygon,0.873331116,0.272973574,1,0.849865992
1,6,400700,6001400700,D,D4,17,17,36084,,,6675,Oakland,CA,2019,MultiPolygon,0.873331116,0.006325221,1,0.016248761
1,6,403502,6001403502,C,C15,17,17,36084,,,6712,Oakland,CA,2019,Polygon,0.274434295,0.021029539,1,0.081943142
1,6,424002,6001424002,D,D4,17,17,36084,,,6675,Oakland,CA,2019,Polygon,0.873331116,0.139828165,1,0.959710339
1,6,422900,6001422900,D,D4,17,17,36084,,,6675,Oakland,CA,2019,Polygon,0.873331116,0.013769641,1,0.057223618
1,6,423400,6001423400,D,D4,17,17,36084,,,6675,Oakland,CA,2019,Polygon,0.873331116,0.312529751,1,0.935798291
1,6,422800,6001422800,D,D4,17,17,36084,,,6675,Oakland,CA,2019,Polygon,0.873331116,0.004493601,1,0.024877465
1,6,423500,6001423500,C,C7,17,17,36084,,,6676,Oakland,CA,2019,MultiPolygon,0.508972394,0.279145849,1,0.579276444
1,6,423601,6001423601,C,C7,17,17,36084,,,6676,Oakland,CA,2019,MultiPolygon,0.508972394,0.227985588,1,0.572670071
1,6,423901,6001423901,C,C7,17,17,36084,,,6676,Oakland,CA,2019,Polygon,0.508972394,0.219210297,1,0.731516317
1,6,423400,6001423400,C,C7,17,17,36084,,,6676,Oakland,CA,2019,Polygon,0.508972394,0.020541702,1,0.035846156
1,6,410500,6001410500,D,D9,17,17,36084,,,6677,Oakland,CA,2019,Polygon,0.517818404,0.190254544,1,0.352403226
1,6,402500,6001402500,D,D9,17,17,36084,,,6677,Oakland,CA,2019,Polygon,0.517818404,0.216506077,1,0.794535674
1,6,402700,6001402700,D,D9,17,17,36084,,,6677,Oakland,CA,2019,Polygon,0.517818404,0.209220978,1,0.70365002
1,6,402400,6001402400,D,D9,17,17,36084,,,6677,Oakland,CA,2019,Polygon,0.517818404,0.217649733,1,0.865977388
1,6,425104,6001425104,C,C8,17,17,36084,,,6678,Oakland,CA,2019,Polygon,0.095343002,0.843711617,1,0.193641057
1,6,400900,6001400900,C,C8,17,17,36084,,,6678,Oakland,CA,2019,Polygon,0.095343002,0.079886621,1,0.046398988
1,6,400800,6001400800,D,D7,17,17,36084,,,6679,Oakland,CA,2019,MultiPolygon,1.001768438,0.219071446,1,0.817568883
1,6,400700,6001400700,D,D7,17,17,36084,,,6679,Oakland,CA,2019,MultiPolygon,1.001768438,0.177088038,1,0.521821754
1,6,401000,6001401000,D,D7,17,17,36084,,,6679,Oakland,CA,2019,Polygon,1.001768438,0.319932772,1,0.719236937
1,6,400900,6001400900,D,D7,17,17,36084,,,6679,Oakland,CA,2019,MultiPolygon,1.001768438,0.127430261,1,0.777652462
1,6,401800,6001401800,D,D8,17,17,36084,,,6680,Oakland,CA,2019,Polygon,1.677309005,0.068757108,1,1
1,6,402600,6001402600,D,D8,17,17,36084,,,6680,Oakland,CA,2019,Polygon,1.677309005,0.000437907,1,0.005968626
1,6,403501,6001403501,B,B17,17,17,36084,,,6698,Oakland,CA,2019,Polygon,0.225012084,0.182794006,1,0.159787064
1,6,402200,6001402200,D,D8,17,17,36084,,,6680,Oakland,CA,2019,Polygon,1.677309005,0.148180444,1,0.903152155
1,6,410500,6001410500,D,D8,17,17,36084,,,6680,Oakland,CA,2019,MultiPolygon,1.677309005,0.089434752,1,0.536595149
1,6,402700,6001402700,D,D8,17,17,36084,,,6680,Oakland,CA,2019,Polygon,1.677309005,0.014576892,1,0.158800553
1,6,401600,6001401600,D,D8,17,17,36084,,,6680,Oakland,CA,2019,Polygon,1.677309005,0.137716023,1,0.940569274
1,6,406300,6001406300,B,B25,17,17,36084,,,6716,Oakland,CA,2019,Polygon,0.046040154,0.332069619,1,0.08151872
1,6,403502,6001403502,B,B18,17,17,36084,,,6704,Oakland,CA,2019,Polygon,0.167192079,0.057136827,1,0.13563641
1,6,401500,6001401500,D,D8,17,17,36084,,,6680,Oakland,CA,2019,Polygon,1.677309005,0.091738945,1,0.853304506
1,6,401700,6001401700,D,D8,17,17,36084,,,6680,Oakland,CA,2019,Polygon,1.677309005,0.329248067,1,0.119849893
1,6,423800,6001423800,B,B8,17,17,36084,,,6681,Oakland,CA,2019,Polygon,0.464798786,0.376159964,1,0.43459175
1,6,423902,6001423902,B,B8,17,17,36084,,,6681,Oakland,CA,2019,Polygon,0.464798786,0.131874666,1,0.496432122
1,6,403702,6001403702,B,B18,17,17,36084,,,6704,Oakland,CA,2019,MultiPolygon,0.167192079,0.009179688,1,0.019794742
1,6,423800,6001423800,A,A4,17,17,36084,,,6682,Oakland,CA,2019,Polygon,1.11190638,0.201049234,1,0.555666951
1,6,404300,6001404300,A,A4,17,17,36084,,,6682,Oakland,CA,2019,Polygon,1.11190638,0.004372716,1,0.006784684
1,6,423700,6001423700,A,A4,17,17,36084,,,6682,Oakland,CA,2019,Polygon,1.11190638,0.051760607,1,0.200338406
1,6,400200,6001400200,A,A4,17,17,36084,,,6682,Oakland,CA,2019,Polygon,1.11190638,0.005713159,1,0.027647174
1,6,400100,6001400100,A,A4,17,17,36084,,,6682,Oakland,CA,2019,Polygon,1.11190638,0.689373142,1,0.288464264
1,6,404400,6001404400,A,A4,17,17,36084,,,6682,Oakland,CA,2019,Polygon,1.11190638,0.04773114,1,0.033325658
1,6,404400,6001404400,C,C16,17,17,36084,,,6683,Oakland,CA,2019,MultiPolygon,0.664114926,0.774192081,1,0.322849907
1,6,404300,6001404300,B,B12,17,17,36084,,,6685,Oakland,CA,2019,MultiPolygon,0.573773212,0.175141502,1,0.140229527
1,6,427700,6001427700,C,C35,17,17,36084,,,6688,Oakland,CA,2019,Polygon,0.251997496,0.405326071,1,0.154765059
1,6,404200,6001404200,B,B12,17,17,36084,,,6685,Oakland,CA,2019,Polygon,0.573773212,0.782254863,1,0.425989865
1,6,404502,6001404502,B,B13,17,17,36084,,,6686,Oakland,CA,2019,Polygon,0.839574734,0.521248519,1,0.369029443
1,6,427600,6001427600,C,C35,17,17,36084,,,6688,Oakland,CA,2019,Polygon,0.251997496,0.4755757,1,0.532532273
1,6,404102,6001404102,B,B16,17,17,36084,,,6700,Oakland,CA,2019,Polygon,0.074238256,0.170657575,1,0.142560321
1,6,404400,6001404400,B,B13,17,17,36084,,,6686,Oakland,CA,2019,MultiPolygon,0.839574734,0.436970934,1,0.230367182
1,6,404300,6001404300,B,B11,17,17,36084,,,6687,Oakland,CA,2019,Polygon,0.340142127,0.6378126,1,0.302735706
1,6,404200,6001404200,B,B11,17,17,36084,,,6687,Oakland,CA,2019,Polygon,0.340142127,0.013753594,1,0.004440045
1,6,400200,6001400200,B,B11,17,17,36084,,,6687,Oakland,CA,2019,Polygon,0.340142127,0.34394132,1,0.509156162
1,6,400400,6001400400,B,B11,17,17,36084,,,6687,Oakland,CA,2019,Polygon,0.340142127,0.001368782,1,0.001713617
1,6,428700,6001428700,C,C35,17,17,36084,,,6688,Oakland,CA,2019,Polygon,0.251997496,0.119098202,1,0.006358543
1,6,403900,6001403900,B,B16,17,17,36084,,,6700,Oakland,CA,2019,Polygon,0.074238256,0.329992523,1,0.128097556
1,6,404501,6001404501,A,A6,17,17,36084,,,6689,Oakland,CA,2019,Polygon,0.439684346,0.947889283,1,0.969245853
1,6,404200,6001404200,A,A6,17,17,36084,,,6689,Oakland,CA,2019,MultiPolygon,0.439684346,0.020105785,1,0.008390209
1,6,426100,6001426100,A,A6,17,17,36084,,,6689,Oakland,CA,2019,MultiPolygon,0.439684346,0.003592259,1,0.00136763
1,6,404502,6001404502,A,A6,17,17,36084,,,6689,Oakland,CA,2019,Polygon,0.439684346,0.026510682,1,0.009829212
1,6,408600,6001408600,C,C30,17,17,36084,,,6738,Oakland,CA,2019,Polygon,0.603061365,0.051429768,1,0.07570724
1,6,403900,6001403900,B,B17,17,17,36084,,,6698,Oakland,CA,2019,Polygon,0.225012084,0.461009001,1,0.542405685
1,6,408000,6001408000,A,A,17,17,36084,,,6690,Oakland,CA,2019,Polygon,2.691419229,0.12248234,0,0.444323852
1,6,430102,6001430102,A,A,17,17,36084,,,6690,Oakland,CA,2019,Polygon,2.691419229,0.000455525,0,3.95E-05
1,6,404501,6001404501,A,A,17,17,36084,,,6690,Oakland,CA,2019,MultiPolygon,2.691419229,0.002466237,0,0.015436593
1,6,426200,6001426200,A,A7,17,17,36084,,,6692,Oakland,CA,2019,MultiPolygon,0.596799043,0.126514837,1,0.144449527
1,6,404000,6001404000,B,B17,17,17,36084,,,6698,Oakland,CA,2019,MultiPolygon,0.225012084,0.091273743,1,0.143317265
1,6,404600,6001404600,A,A,17,17,36084,,,6690,Oakland,CA,2019,Polygon,2.691419229,0.481302237,0,0.686450557
1,6,404000,6001404000,B,B16,17,17,36084,,,6700,Oakland,CA,2019,Polygon,0.074238256,0.478935679,1,0.248114279
1,6,404502,6001404502,A,A,17,17,36084,,,6690,Oakland,CA,2019,Polygon,2.691419229,0.273568617,0,0.620875393
1,6,404400,6001404400,A,A,17,17,36084,,,6690,Oakland,CA,2019,MultiPolygon,2.691419229,0.000278017,0,0.000469853
1,6,406700,6001406700,A,A,17,17,36084,,,6690,Oakland,CA,2019,Polygon,2.691419229,0.00116993,0,0.004843614
1,6,404700,6001404700,A,A11,17,17,36084,,,6691,Oakland,CA,2019,Polygon,0.118319506,1,1,0.254109976
1,6,404501,6001404501,A,A7,17,17,36084,,,6692,Oakland,CA,2019,MultiPolygon,0.596799043,0.000578553,1,0.000802984
1,6,404200,6001404200,A,A7,17,17,36084,,,6692,Oakland,CA,2019,Polygon,0.596799043,3.57E-05,1,2.02E-05
1,6,406800,6001406800,B,B30,17,17,36084,,,6693,Oakland,CA,2019,MultiPolygon,0.090340381,0.404255806,1,0.103655225
1,6,408000,6001408000,B,B29,17,17,36084,,,6694,Oakland,CA,2019,Polygon,0.254710952,0.092350463,1,0.031705273
1,6,406800,6001406800,B,B29,17,17,36084,,,6694,Oakland,CA,2019,MultiPolygon,0.254710952,0.254493703,1,0.183982991
1,6,426200,6001426200,B,B15,17,17,36084,,,6697,Oakland,CA,2019,Polygon,0.362587114,0.709631347,1,0.492256775
1,6,403800,6001403800,B,B17,17,17,36084,,,6698,Oakland,CA,2019,Polygon,0.225012084,0.235177297,1,0.20880491
1,6,426200,6001426200,B,B17,17,17,36084,,,6698,Oakland,CA,2019,MultiPolygon,0.225012084,0.029746106,1,0.012805086
1,6,406700,6001406700,B,B29,17,17,36084,,,6694,Oakland,CA,2019,Polygon,0.254710952,0.653155813,1,0.255913265
1,6,404800,6001404800,B,B22,17,17,36084,,,6696,Oakland,CA,2019,Polygon,0.145429077,0.489253708,1,0.293253638
1,6,404700,6001404700,B,B22,17,17,36084,,,6696,Oakland,CA,2019,Polygon,0.145429077,0.503099759,1,0.157134203
1,6,426100,6001426100,B,B15,17,17,36084,,,6697,Oakland,CA,2019,MultiPolygon,0.362587114,0.290368627,1,0.091163722
1,6,403800,6001403800,B,B19,17,17,36084,,,6699,Oakland,CA,2019,Polygon,0.297665099,0.533408139,1,0.626508583
1,6,426100,6001426100,B,B19,17,17,36084,,,6699,Oakland,CA,2019,Polygon,0.297665099,0.024207011,1,0.006239202
1,6,405100,6001405100,B,B19,17,17,36084,,,6699,Oakland,CA,2019,Polygon,0.297665099,0.441608656,1,0.268990146
1,6,426200,6001426200,B,B19,17,17,36084,,,6699,Oakland,CA,2019,Polygon,0.297665099,0.000776215,1,0.000442035
1,6,404200,6001404200,B,B14,17,17,36084,,,6701,Oakland,CA,2019,MultiPolygon,0.253936109,0.172495562,1,0.041573167
1,6,403900,6001403900,B,B14,17,17,36084,,,6701,Oakland,CA,2019,MultiPolygon,0.253936109,0.002444394,1,0.003245672
1,6,426100,6001426100,B,B14,17,17,36084,,,6701,Oakland,CA,2019,Polygon,0.253936109,0.162220185,1,0.035668869
1,6,404000,6001404000,B,B14,17,17,36084,,,6701,Oakland,CA,2019,Polygon,0.253936109,0.000779307,1,0.001380955
1,6,404101,6001404101,B,B14,17,17,36084,,,6701,Oakland,CA,2019,MultiPolygon,0.253936109,0.009056543,1,0.01038318
1,6,426200,6001426200,B,B14,17,17,36084,,,6701,Oakland,CA,2019,Polygon,0.253936109,0.652708627,1,0.317095705
1,6,404501,6001404501,A,A8,17,17,36084,,,6702,Oakland,CA,2019,MultiPolygon,0.463431588,0.012935727,1,0.013941574
1,6,404900,6001404900,A,A8,17,17,36084,,,6702,Oakland,CA,2019,Polygon,0.463431588,0.000806867,1,0.00095711
1,6,426100,6001426100,A,A8,17,17,36084,,,6702,Oakland,CA,2019,Polygon,0.463431588,0.982613132,1,0.394301281
1,6,404800,6001404800,C,C21,17,17,36084,,,6703,Oakland,CA,2019,Polygon,0.345931288,0.196072468,1,0.279553217
1,6,404700,6001404700,C,C21,17,17,36084,,,6703,Oakland,CA,2019,Polygon,0.345931288,0.004560288,1,0.003388032
1,6,406700,6001406700,C,C21,17,17,36084,,,6703,Oakland,CA,2019,Polygon,0.345931288,0.799367248,1,0.425367766
1,6,403600,6001403600,B,B18,17,17,36084,,,6704,Oakland,CA,2019,Polygon,0.167192079,0.725006746,1,0.804787853
1,6,405200,6001405200,B,B20,17,17,36084,,,6705,Oakland,CA,2019,Polygon,0.136569375,0.988511604,1,0.409335516
1,6,406400,6001406400,B,B24,17,17,36084,,,6706,Oakland,CA,2019,Polygon,0.071717284,0.828854559,1,0.272280231
1,6,405700,6001405700,B,B24,17,17,36084,,,6706,Oakland,CA,2019,Polygon,0.071717284,0.055401432,1,0.018817756
1,6,404900,6001404900,B,B24,17,17,36084,,,6706,Oakland,CA,2019,Polygon,0.071717284,0.115744058,1,0.021246946
1,6,406602,6001406602,B,B27,17,17,36084,,,6707,Oakland,CA,2019,Polygon,0.089483761,0.300592624,1,0.167982384
1,6,406601,6001406601,B,B27,17,17,36084,,,6707,Oakland,CA,2019,Polygon,0.089483761,0.679522328,1,0.210561563
1,6,406700,6001406700,B,B28,17,17,36084,,,6708,Oakland,CA,2019,Polygon,0.064363075,0.762079498,1,0.075451077
1,6,405200,6001405200,A,A10,17,17,36084,,,6710,Oakland,CA,2019,Polygon,0.067944941,0.844625839,1,0.17400664
1,6,405500,6001405500,C,C18,17,17,36084,,,6717,Oakland,CA,2019,Polygon,0.28696851,0.247703905,1,0.447159551
1,6,405000,6001405000,B,B21,17,17,36084,,,6709,Oakland,CA,2019,Polygon,0.274396067,0.422030293,1,0.369747337
1,6,405100,6001405100,B,B21,17,17,36084,,,6709,Oakland,CA,2019,Polygon,0.274396067,0.522367357,1,0.293308594
1,6,405000,6001405000,A,A10,17,17,36084,,,6710,Oakland,CA,2019,Polygon,0.067944941,0.155374146,1,0.033706948
1,6,406400,6001406400,D,D12,17,17,36084,,,6714,Oakland,CA,2019,Polygon,0.023048687,1,1,0.105574768
1,6,405200,6001405200,C,C17,17,17,36084,,,6711,Oakland,CA,2019,MultiPolygon,0.17999977,0.174849787,1,0.095429224
1,6,405500,6001405500,C,C17,17,17,36084,,,6711,Oakland,CA,2019,Polygon,0.17999977,0.092174493,1,0.104370586
1,6,405600,6001405600,C,C17,17,17,36084,,,6711,Oakland,CA,2019,Polygon,0.17999977,0.23553971,1,0.256098537
1,6,405401,6001405401,C,C17,17,17,36084,,,6711,Oakland,CA,2019,Polygon,0.17999977,0.049021576,1,0.072798661
1,6,405301,6001405301,C,C17,17,17,36084,,,6711,Oakland,CA,2019,Polygon,0.17999977,0.293008224,1,0.599770653
1,6,405200,6001405200,C,C15,17,17,36084,,,6712,Oakland,CA,2019,Polygon,0.274434295,0.241420675,1,0.200889472
1,6,403702,6001403702,C,C15,17,17,36084,,,6712,Oakland,CA,2019,MultiPolygon,0.274434295,0.232032008,1,0.821282428
1,6,406400,6001406400,B,B25,17,17,36084,,,6716,Oakland,CA,2019,Polygon,0.046040154,0.667922556,1,0.140856479
1,6,403701,6001403701,C,C15,17,17,36084,,,6712,Oakland,CA,2019,Polygon,0.274434295,0.211888922,1,0.865826782
1,6,403600,6001403600,C,C15,17,17,36084,,,6712,Oakland,CA,2019,MultiPolygon,0.274434295,0.057998359,1,0.105676338
1,6,403400,6001403400,C,C15,17,17,36084,,,6712,Oakland,CA,2019,MultiPolygon,0.274434295,0.053282038,1,0.029993265
1,6,405301,6001405301,C,C15,17,17,36084,,,6712,Oakland,CA,2019,Polygon,0.274434295,0.127670657,1,0.398439995
1,6,426100,6001426100,A,A9,17,17,36084,,,6713,Oakland,CA,2019,Polygon,0.229020093,0.065891052,1,0.013066522
1,6,405000,6001405000,B,B23,17,17,36084,,,6715,Oakland,CA,2019,Polygon,0.626622865,0.237475175,1,0.47512513
1,6,404800,6001404800,B,B23,17,17,36084,,,6715,Oakland,CA,2019,MultiPolygon,0.626622865,0.026967171,1,0.069646559
1,6,406400,6001406400,B,B23,17,17,36084,,,6715,Oakland,CA,2019,Polygon,0.626622865,0.051496428,1,0.147807779
1,6,405700,6001405700,B,B23,17,17,36084,,,6715,Oakland,CA,2019,MultiPolygon,0.626622865,0.033177608,1,0.098463285
1,6,405600,6001405600,B,B23,17,17,36084,,,6715,Oakland,CA,2019,Polygon,0.626622865,0.051981011,1,0.196753277
1,6,404900,6001404900,B,B23,17,17,36084,,,6715,Oakland,CA,2019,Polygon,0.626622865,0.596088522,1,0.956072816
1,6,405402,6001405402,C,C18,17,17,36084,,,6717,Oakland,CA,2019,Polygon,0.28696851,0.30699232,1,0.799567722
1,6,405401,6001405401,C,C18,17,17,36084,,,6717,Oakland,CA,2019,Polygon,0.28696851,0.327379609,1,0.775086261
1,6,405302,6001405302,C,C18,17,17,36084,,,6717,Oakland,CA,2019,Polygon,0.28696851,0.117402834,1,0.43123431
1,6,405800,6001405800,C,C19,17,17,36084,,,6718,Oakland,CA,2019,MultiPolygon,0.801882008,0.174437693,1,0.697975107
1,6,406300,6001406300,C,C19,17,17,36084,,,6718,Oakland,CA,2019,Polygon,0.801882008,0.182030827,1,0.778299678
1,6,405902,6001405902,C,C19,17,17,36084,,,6718,Oakland,CA,2019,Polygon,0.801882008,0.09046466,1,0.385577096
1,6,406202,6001406202,C,C19,17,17,36084,,,6718,Oakland,CA,2019,MultiPolygon,0.801882008,0.015880788,1,0.084099975
1,6,406400,6001406400,C,C19,17,17,36084,,,6718,Oakland,CA,2019,Polygon,0.801882008,0.072858541,1,0.26761157
1,6,406201,6001406201,D,D10,17,17,36084,,,6719,Oakland,CA,2019,Polygon,0.357904639,0.115048598,1,0.261341624
1,6,405700,6001405700,C,C19,17,17,36084,,,6718,Oakland,CA,2019,Polygon,0.801882008,0.20048599,1,0.761408125
1,6,405600,6001405600,C,C19,17,17,36084,,,6718,Oakland,CA,2019,Polygon,0.801882008,0.106327933,1,0.515025643
1,6,406201,6001406201,C,C19,17,17,36084,,,6718,Oakland,CA,2019,Polygon,0.801882008,0.062736152,1,0.319292175
1,6,405402,6001405402,C,C19,17,17,36084,,,6718,Oakland,CA,2019,Polygon,0.801882008,0.000211006,1,0.00153567
1,6,405800,6001405800,D,D10,17,17,36084,,,6719,Oakland,CA,2019,Polygon,0.357904639,0.169099374,1,0.301994099
1,6,406300,6001406300,D,D10,17,17,36084,,,6719,Oakland,CA,2019,Polygon,0.357904639,0.036891619,1,0.070402241
1,6,405902,6001405902,D,D10,17,17,36084,,,6719,Oakland,CA,2019,Polygon,0.357904639,0.222580233,1,0.423424245
1,6,406400,6001406400,D,D10,17,17,36084,,,6719,Oakland,CA,2019,Polygon,0.357904639,0.000702585,1,0.001151809
1,6,405700,6001405700,D,D10,17,17,36084,,,6719,Oakland,CA,2019,MultiPolygon,0.357904639,0.001161785,1,0.001969319
1,6,405901,6001405901,D,D10,17,17,36084,,,6719,Oakland,CA,2019,Polygon,0.357904639,0.454515697,1,0.930928698
1,6,406201,6001406201,C,C20,17,17,36084,,,6720,Oakland,CA,2019,Polygon,0.218236835,0.177450312,1,0.245790306
1,6,407200,6001407200,C,C20,17,17,36084,,,6720,Oakland,CA,2019,Polygon,0.218236835,0.355743524,1,0.281199592
1,6,406500,6001406500,C,C20,17,17,36084,,,6720,Oakland,CA,2019,Polygon,0.218236835,0.003991301,1,0.003027999
1,6,407101,6001407101,D,D13,17,17,36084,,,6721,Oakland,CA,2019,Polygon,0.030368917,1,1,0.212101883
1,6,404800,6001404800,C,C22,17,17,36084,,,6722,Oakland,CA,2019,MultiPolygon,0.546618073,0.000101217,1,0.000228033
1,6,407101,6001407101,C,C22,17,17,36084,,,6722,Oakland,CA,2019,Polygon,0.546618073,0.016458525,1,0.062833335
1,6,406602,6001406602,C,C22,17,17,36084,,,6722,Oakland,CA,2019,Polygon,0.546618073,0.222263687,1,0.758741245
1,6,406601,6001406601,C,C22,17,17,36084,,,6722,Oakland,CA,2019,Polygon,0.546618073,0.319921126,1,0.605561203
1,6,407200,6001407200,C,C22,17,17,36084,,,6722,Oakland,CA,2019,Polygon,0.546618073,0.000881836,1,0.001745908
1,6,406700,6001406700,C,C22,17,17,36084,,,6722,Oakland,CA,2019,Polygon,0.546618073,0.001176954,1,0.000989628
1,6,407800,6001407800,B,B32,17,17,36084,,,6730,Oakland,CA,2019,Polygon,0.166160164,0.055542294,1,0.019361189
1,6,406500,6001406500,C,C22,17,17,36084,,,6722,Oakland,CA,2019,Polygon,0.546618073,0.439196657,1,0.834557241
1,6,408100,6001408100,C,C25,17,17,36084,,,6723,Oakland,CA,2019,Polygon,1.266125372,0.365764029,1,0.136637118
1,6,406900,6001406900,C,C25,17,17,36084,,,6723,Oakland,CA,2019,MultiPolygon,1.266125372,0.147477241,1,0.554002235
1,6,407900,6001407900,C,C25,17,17,36084,,,6723,Oakland,CA,2019,Polygon,1.266125372,0.323920466,1,0.966190258
1,6,407400,6001407400,D,D14,17,17,36084,,,6748,Oakland,CA,2019,Polygon,0.121258339,0.001727431,1,0.001060655
1,6,407600,6001407600,C,C23,17,17,36084,,,6724,Oakland,CA,2019,Polygon,0.733515916,0.347373819,1,0.645287382
1,6,407000,6001407000,C,C23,17,17,36084,,,6724,Oakland,CA,2019,Polygon,0.733515916,0.085385538,1,0.188098819
1,6,432100,6001432100,C,C32,17,17,36084,,,6735,Oakland,CA,2019,Polygon,0.244634246,0.942132223,1,0.554087268
1,6,407102,6001407102,C,C23,17,17,36084,,,6724,Oakland,CA,2019,Polygon,0.733515916,0.329451232,1,0.947083187
1,6,407101,6001407101,C,C23,17,17,36084,,,6724,Oakland,CA,2019,Polygon,0.733515916,0.130352312,1,0.667795529
1,6,408100,6001408100,D,D16,17,17,36084,,,6725,Oakland,CA,2019,Polygon,0.461565516,0.157604589,2,0.021463137
1,6,407200,6001407200,D,D14,17,17,36084,,,6748,Oakland,CA,2019,Polygon,0.121258339,0.998272481,1,0.438440177
1,6,408200,6001408200,D,D16,17,17,36084,,,6725,Oakland,CA,2019,MultiPolygon,0.461565516,0.063513461,2,0.08419973
1,6,407800,6001407800,D,D16,17,17,36084,,,6725,Oakland,CA,2019,Polygon,0.461565516,0.006723595,2,0.006510528
1,6,409900,6001409900,D,D16,17,17,36084,,,6725,Oakland,CA,2019,Polygon,0.461565516,0.04094864,2,0.010881771
1,6,409800,6001409800,D,D16,17,17,36084,,,6725,Oakland,CA,2019,MultiPolygon,0.461565516,0.038938276,2,0.026004648
1,6,408300,6001408300,D,D16,17,17,36084,,,6725,Oakland,CA,2019,Polygon,0.461565516,0.69227144,2,0.543860808
1,6,409700,6001409700,B,B37,17,17,36084,,,6726,Oakland,CA,2019,Polygon,0.089489085,0.005777852,1,0.00165064
1,6,408200,6001408200,B,B33,17,17,36084,,,6729,Oakland,CA,2019,Polygon,0.068432815,0.418136699,1,0.082185321
1,6,409800,6001409800,B,B37,17,17,36084,,,6726,Oakland,CA,2019,Polygon,0.089489085,0.765913443,1,0.099172365
1,6,408300,6001408300,B,B37,17,17,36084,,,6726,Oakland,CA,2019,Polygon,0.089489085,0.228308702,1,0.034775271
1,6,408200,6001408200,C,C27,17,17,36084,,,6727,Oakland,CA,2019,Polygon,0.273916193,0.391625139,1,0.30810577
1,6,407800,6001407800,C,C27,17,17,36084,,,6727,Oakland,CA,2019,Polygon,0.273916193,0.012540357,1,0.007206243
1,6,408300,6001408300,C,C27,17,17,36084,,,6727,Oakland,CA,2019,MultiPolygon,0.273916193,0.585599356,1,0.27302115
1,6,408200,6001408200,D,D17,17,17,36084,,,6728,Oakland,CA,2019,Polygon,0.046275481,1,1,0.132911483
1,6,408300,6001408300,B,B33,17,17,36084,,,6729,Oakland,CA,2019,Polygon,0.068432815,0.581862861,1,0.067773987
1,6,408200,6001408200,B,B32,17,17,36084,,,6730,Oakland,CA,2019,Polygon,0.166160164,0.526004191,1,0.251031187
1,6,408700,6001408700,B,B32,17,17,36084,,,6730,Oakland,CA,2019,Polygon,0.166160164,0.417107325,1,0.158711008
1,6,407700,6001407700,B,B32,17,17,36084,,,6730,Oakland,CA,2019,Polygon,0.166160164,0.001345788,1,0.00063044
1,6,408400,6001408400,C,C28,17,17,36084,,,6731,Oakland,CA,2019,Polygon,0.381870493,0.321648262,1,0.586232235
1,6,408500,6001408500,C,C28,17,17,36084,,,6731,Oakland,CA,2019,Polygon,0.381870493,0.348501309,1,0.414601536
1,6,408200,6001408200,C,C28,17,17,36084,,,6731,Oakland,CA,2019,Polygon,0.381870493,0.119956282,1,0.131568118
1,6,408600,6001408600,C,C28,17,17,36084,,,6731,Oakland,CA,2019,MultiPolygon,0.381870493,0.176989192,1,0.164977299
1,6,408400,6001408400,B,B36,17,17,36084,,,6732,Oakland,CA,2019,Polygon,0.10852644,0.691428173,1,0.358141799
1,6,409700,6001409700,B,B36,17,17,36084,,,6732,Oakland,CA,2019,Polygon,0.10852644,0.172905875,1,0.059904731
1,6,408500,6001408500,B,B35,17,17,36084,,,6733,Oakland,CA,2019,Polygon,0.039961703,1,1,0.124495708
1,6,408700,6001408700,B,B34,17,17,36084,,,6734,Oakland,CA,2019,MultiPolygon,0.173799891,0.423959558,1,0.168735418
1,6,410000,6001410000,C,C32,17,17,36084,,,6735,Oakland,CA,2019,Polygon,0.244634246,0.05786779,1,0.005295668
1,6,430102,6001430102,C,C29,17,17,36084,,,6736,Oakland,CA,2019,Polygon,1.608000678,0.015463455,2,0.000800375
1,6,410300,6001410300,C,C29,17,17,36084,,,6736,Oakland,CA,2019,Polygon,1.608000678,2.94E-06,2,2.12E-05
1,6,408400,6001408400,C,C29,17,17,36084,,,6736,Oakland,CA,2019,Polygon,1.608000678,0.000472413,2,0.003625602
1,6,409700,6001409700,C,C29,17,17,36084,,,6736,Oakland,CA,2019,MultiPolygon,1.608000678,0.083885888,2,0.430616779
1,6,410400,6001410400,C,C30,17,17,36084,,,6738,Oakland,CA,2019,Polygon,0.603061365,0.209774503,1,0.463699003
1,6,410000,6001410000,C,C29,17,17,36084,,,6736,Oakland,CA,2019,MultiPolygon,1.608000678,0.418753529,2,0.251890212
1,6,409900,6001409900,C,C29,17,17,36084,,,6736,Oakland,CA,2019,Polygon,1.608000678,0.139308802,2,0.12897084
1,6,410200,6001410200,C,C29,17,17,36084,,,6736,Oakland,CA,2019,Polygon,1.608000678,0.136334099,2,0.969186393
1,6,410200,6001410200,C,C30,17,17,36084,,,6738,Oakland,CA,2019,MultiPolygon,0.603061365,0.010995767,1,0.029315925
1,6,409600,6001409600,C,C30,17,17,36084,,,6738,Oakland,CA,2019,MultiPolygon,0.603061365,0.206683623,1,0.431885435
1,6,410100,6001410100,C,C29,17,17,36084,,,6736,Oakland,CA,2019,MultiPolygon,1.608000678,0.154209869,2,0.818479904
1,6,409800,6001409800,C,C29,17,17,36084,,,6736,Oakland,CA,2019,Polygon,1.608000678,0.048591292,2,0.113053909
1,6,432100,6001432100,C,C29,17,17,36084,,,6736,Oakland,CA,2019,Polygon,1.608000678,0.002977564,2,0.01151056
1,6,410300,6001410300,C,C30,17,17,36084,,,6738,Oakland,CA,2019,Polygon,0.603061365,0.284881757,1,0.769400409
1,6,408500,6001408500,C,C30,17,17,36084,,,6738,Oakland,CA,2019,Polygon,0.603061365,0.089148481,1,0.167488828
1,6,409700,6001409700,C,C30,17,17,36084,,,6738,Oakland,CA,2019,Polygon,0.603061365,0.14553478,1,0.280184506
1,6,432200,6001432200,B,B40,17,17,36084,,,6739,Oakland,CA,2019,Polygon,0.310237011,0.979491209,1,0.768728632
1,6,432600,6001432600,B,B40,17,17,36084,,,6739,Oakland,CA,2019,MultiPolygon,0.310237011,0.01422926,1,0.006832233
1,6,432100,6001432100,B,B40,17,17,36084,,,6739,Oakland,CA,2019,Polygon,0.310237011,0.006137246,1,0.004577372
1,6,432200,6001432200,B,B42,17,17,36084,,,6740,Oakland,CA,2019,Polygon,0.289272214,0.193528647,1,0.141622053
1,6,432700,6001432700,B,B42,17,17,36084,,,6740,Oakland,CA,2019,Polygon,0.289272214,0.387540921,1,0.350408493
1,6,432100,6001432100,B,B42,17,17,36084,,,6740,Oakland,CA,2019,Polygon,0.289272214,0.418494029,1,0.291034882
1,6,433104,6001433104,D,D19,17,17,36084,,,6741,Oakland,CA,2019,Polygon,0.286234732,0.060272274,1,0.0424157
1,6,410100,6001410100,B,B38,17,17,36084,,,6745,Oakland,CA,2019,Polygon,0.893183911,0.006086355,2,0.017943526
1,6,432600,6001432600,D,D19,17,17,36084,,,6741,Oakland,CA,2019,Polygon,0.286234732,0.926423404,1,0.410410598
1,6,432300,6001432300,D,D19,17,17,36084,,,6741,Oakland,CA,2019,MultiPolygon,0.286234732,0.01331352,1,0.009507242
1,6,433104,6001433104,C,C33,17,17,36084,,,6743,Oakland,CA,2019,MultiPolygon,0.466062153,0.054499997,1,0.062449224
1,6,407500,6001407500,C,C26,17,17,36084,,,6747,Oakland,CA,2019,Polygon,0.421445638,0.22071326,1,0.487185417
1,6,433000,6001433000,C,C33,17,17,36084,,,6743,Oakland,CA,2019,Polygon,0.466062153,0.017807152,1,0.016240603
1,6,432700,6001432700,C,C33,17,17,36084,,,6743,Oakland,CA,2019,Polygon,0.466062153,0.327233142,1,0.476706921
1,6,410000,6001410000,B,B38,17,17,36084,,,6745,Oakland,CA,2019,Polygon,0.893183911,0.135167116,2,0.045162557
1,6,407800,6001407800,B,B31,17,17,36084,,,6746,Oakland,CA,2019,Polygon,0.5434196,0.212233345,1,0.241952559
1,6,407600,6001407600,B,B31,17,17,36084,,,6746,Oakland,CA,2019,Polygon,0.5434196,0.174878999,1,0.240668641
1,6,409900,6001409900,B,B38,17,17,36084,,,6745,Oakland,CA,2019,Polygon,0.893183911,0.670673623,2,0.344888616
1,6,407700,6001407700,B,B31,17,17,36084,,,6746,Oakland,CA,2019,Polygon,0.5434196,0.610168192,1,0.934814067
1,6,407400,6001407400,C,C26,17,17,36084,,,6747,Oakland,CA,2019,Polygon,0.421445638,0.357003221,1,0.761860658
1,6,407200,6001407200,C,C26,17,17,36084,,,6747,Oakland,CA,2019,Polygon,0.421445638,0.024932763,1,0.038059371
1,6,407300,6001407300,D,D15,17,17,36084,,,6749,Oakland,CA,2019,Polygon,0.912332947,0.300257966,1,0.271838437
1,6,406100,6001406100,D,D15,17,17,36084,,,6749,Oakland,CA,2019,Polygon,0.912332947,0.585794053,1,0.708668938
1,6,406000,6001406000,D,D15,17,17,36084,,,6749,Oakland,CA,2019,Polygon,0.912332947,0.113947975,1,0.100439543
1,6,403300,6001403300,D,D11,17,17,36084,,,6750,Oakland,CA,2019,MultiPolygon,0.690767397,0.328506583,1,0.574623116
1,6,405902,6001405902,D,D11,17,17,36084,,,6750,Oakland,CA,2019,Polygon,0.690767397,0.000153584,1,0.000563896
1,6,983200,6001983200,D,D11,17,17,36084,,,6750,Oakland,CA,2019,Polygon,0.690767397,0.027093686,1,0.073714627
1,6,403000,6001403000,D,D11,17,17,36084,,,6750,Oakland,CA,2019,Polygon,0.690767397,0.023682759,1,0.119929831
1,6,406100,6001406100,D,D11,17,17,36084,,,6750,Oakland,CA,2019,Polygon,0.690767397,0.007496481,1,0.006866484
1,6,406000,6001406000,D,D11,17,17,36084,,,6750,Oakland,CA,2019,Polygon,0.690767397,0.61282454,1,0.408990045
1,6,407300,6001407300,D,D18,17,17,36084,,,6751,Oakland,CA,2019,Polygon,2.577251588,0.026132464,1,0.066834415
1,6,409400,6001409400,D,D18,17,17,36084,,,6751,Oakland,CA,2019,Polygon,2.577251588,0.183032091,1,0.974583196
1,6,427700,6001427700,C,C34,17,17,36084,,,6752,Oakland,CA,2019,Polygon,0.044374937,0.85875694,1,0.05774045
1,6,428500,6001428500,C,C38,17,17,36084,,,6753,Oakland,CA,2019,Polygon,0.53439342,0.014063132,1,0.019315315
1,6,409000,6001409000,D,D18,17,17,36084,,,6751,Oakland,CA,2019,Polygon,2.577251588,0.048504636,1,0.015371183
1,6,408700,6001408700,D,D18,17,17,36084,,,6751,Oakland,CA,2019,Polygon,2.577251588,0.020040561,1,0.118276647
1,6,409100,6001409100,D,D18,17,17,36084,,,6751,Oakland,CA,2019,Polygon,2.577251588,0.001767119,1,0.024095553
1,6,410400,6001410400,D,D18,17,17,36084,,,6751,Oakland,CA,2019,MultiPolygon,2.577251588,0.011409351,1,0.107780382
1,6,407500,6001407500,D,D18,17,17,36084,,,6751,Oakland,CA,2019,Polygon,2.577251588,0.021378862,1,0.28857964
1,6,408900,6001408900,D,D18,17,17,36084,,,6751,Oakland,CA,2019,Polygon,2.577251588,0.113430626,1,0.943607385
1,6,409600,6001409600,D,D18,17,17,36084,,,6751,Oakland,CA,2019,Polygon,2.577251588,0.052562907,1,0.469393615
1,6,427300,6001427300,C,C38,17,17,36084,,,6753,Oakland,CA,2019,Polygon,0.53439342,0.026450319,1,0.013078438
1,6,409500,6001409500,D,D18,17,17,36084,,,6751,Oakland,CA,2019,Polygon,2.577251588,0.120354874,1,0.9602755
1,6,408800,6001408800,D,D18,17,17,36084,,,6751,Oakland,CA,2019,Polygon,2.577251588,0.170582746,1,0.945447817
1,6,409200,6001409200,D,D18,17,17,36084,,,6751,Oakland,CA,2019,Polygon,2.577251588,0.002019005,1,0.018637427
1,6,432300,6001432300,D,D18,17,17,36084,,,6751,Oakland,CA,2019,Polygon,2.577251588,0.007601124,1,0.048873556
1,6,409300,6001409300,D,D18,17,17,36084,,,6751,Oakland,CA,2019,Polygon,2.577251588,0.156918975,1,0.973321746
1,6,408600,6001408600,D,D18,17,17,36084,,,6751,Oakland,CA,2019,Polygon,2.577251588,0.025987972,1,0.163489759
1,6,428700,6001428700,C,C34,17,17,36084,,,6752,Oakland,CA,2019,Polygon,0.044374937,0.141243098,1,0.001327887
1,6,428400,6001428400,C,C38,17,17,36084,,,6753,Oakland,CA,2019,Polygon,0.53439342,0.234882875,1,0.164309096
1,6,428000,6001428000,C,C38,17,17,36084,,,6753,Oakland,CA,2019,Polygon,0.53439342,0.285340683,1,0.751161648
1,6,427900,6001427900,C,C38,17,17,36084,,,6753,Oakland,CA,2019,Polygon,0.53439342,0.264150222,1,0.443038665
1,6,427800,6001427800,C,C38,17,17,36084,,,6753,Oakland,CA,2019,Polygon,0.53439342,0.052380004,1,0.087226308
1,6,427100,6001427100,C,C38,17,17,36084,,,6753,Oakland,CA,2019,Polygon,0.53439342,0.00483965,1,0.005938556
1,6,427200,6001427200,C,C38,17,17,36084,,,6753,Oakland,CA,2019,Polygon,0.53439342,0.115402414,1,0.084154821
1,6,428100,6001428100,C,C38,17,17,36084,,,6753,Oakland,CA,2019,Polygon,0.53439342,0.002490338,1,0.003325868
1,6,427300,6001427300,C,C37,17,17,36084,,,6754,Oakland,CA,2019,Polygon,0.264858263,0.177015932,1,0.043380021
1,6,428600,6001428600,C,C37,17,17,36084,,,6754,Oakland,CA,2019,MultiPolygon,0.264858263,0.022305784,1,0.007730223
1,6,428100,6001428100,B,B45,17,17,36084,,,6759,Oakland,CA,2019,Polygon,0.101802259,0.254833743,1,0.064833568
1,6,427800,6001427800,C,C37,17,17,36084,,,6754,Oakland,CA,2019,Polygon,0.264858263,0.800678119,1,0.660833949
1,6,428500,6001428500,C,C39,17,17,36084,,,6755,Oakland,CA,2019,Polygon,0.213630216,0.094362952,1,0.051811106
1,6,428400,6001428400,C,C39,17,17,36084,,,6755,Oakland,CA,2019,Polygon,0.213630216,0.051065672,1,0.014280417
1,6,428000,6001428000,C,C39,17,17,36084,,,6755,Oakland,CA,2019,Polygon,0.213630216,0.109085936,1,0.114799514
1,6,427900,6001427900,C,C39,17,17,36084,,,6755,Oakland,CA,2019,Polygon,0.213630216,0.743332127,1,0.498396669
1,6,427800,6001427800,C,C39,17,17,36084,,,6755,Oakland,CA,2019,Polygon,0.213630216,0.002154594,1,0.00143433
1,6,428500,6001428500,B,B43,17,17,36084,,,6756,Oakland,CA,2019,Polygon,0.090317277,0.28524716,1,0.066214152
1,6,428600,6001428600,B,B43,17,17,36084,,,6756,Oakland,CA,2019,MultiPolygon,0.090317277,0.000631254,1,7.46E-05
1,6,427900,6001427900,B,B43,17,17,36084,,,6756,Oakland,CA,2019,Polygon,0.090317277,0.206602385,1,0.058564672
1,6,427800,6001427800,B,B43,17,17,36084,,,6756,Oakland,CA,2019,Polygon,0.090317277,0.507518897,1,0.142838049
1,6,428600,6001428600,C,C36,17,17,36084,,,6757,Oakland,CA,2019,Polygon,0.096550249,0.003744921,1,0.000473104
1,6,427800,6001427800,C,C36,17,17,36084,,,6757,Oakland,CA,2019,Polygon,0.096550249,0.211360359,1,0.063591314
1,6,427700,6001427700,C,C36,17,17,36084,,,6757,Oakland,CA,2019,Polygon,0.096550249,0.784894775,1,0.114825142
1,6,428100,6001428100,B,B46,17,17,36084,,,6758,Oakland,CA,2019,Polygon,0.101063413,0.216575549,1,0.054700205
1,6,427100,6001427100,B,B45,17,17,36084,,,6759,Oakland,CA,2019,Polygon,0.101802259,0.745168491,1,0.174187787
1,6,427300,6001427300,D,D20,17,17,36084,,,6760,Oakland,CA,2019,Polygon,0.585380577,0.399347486,1,0.216298315
1,6,427100,6001427100,D,D20,17,17,36084,,,6760,Oakland,CA,2019,Polygon,0.585380577,0.186747773,1,0.251014923
1,6,427200,6001427200,D,D20,17,17,36084,,,6760,Oakland,CA,2019,Polygon,0.585380577,0.413904878,1,0.330629695
1,6,428200,6001428200,C,C41,17,17,36084,,,6761,Oakland,CA,2019,Polygon,0.170815281,0.873891667,1,0.178694968
1,6,428100,6001428100,C,C41,17,17,36084,,,6761,Oakland,CA,2019,Polygon,0.170815281,0.126108245,1,0.053833891
1,6,428400,6001428400,C,C40,17,17,36084,,,6762,Oakland,CA,2019,Polygon,0.539280742,0.040485344,1,0.028579979
1,6,427100,6001427100,C,C40,17,17,36084,,,6762,Oakland,CA,2019,MultiPolygon,0.539280742,0.264959964,1,0.328096026
1,6,428200,6001428200,C,C40,17,17,36084,,,6762,Oakland,CA,2019,Polygon,0.539280742,0.291748125,1,0.188343653
1,6,428100,6001428100,C,C40,17,17,36084,,,6762,Oakland,CA,2019,Polygon,0.539280742,0.398371967,1,0.536894871
1,6,428200,6001428200,B,B44,17,17,36084,,,6763,Oakland,CA,2019,Polygon,0.079761136,1,1,0.095481523
1,6,400500,6001400500,C,C9,17,17,36084,,,6764,Oakland,CA,2019,MultiPolygon,0.468681993,0.245374177,1,0.506464905
1,6,400600,6001400600,C,C9,17,17,36084,,,6764,Oakland,CA,2019,MultiPolygon,0.468681993,0.139305124,1,0.567725543
1,6,400700,6001400700,C,C9,17,17,36084,,,6764,Oakland,CA,2019,Polygon,0.468681993,0.148938271,1,0.20532895
1,6,401100,6001401100,C,C9,17,17,36084,,,6764,Oakland,CA,2019,Polygon,0.468681993,0.096866677,1,0.132657889
1,6,401000,6001401000,C,C9,17,17,36084,,,6764,Oakland,CA,2019,Polygon,0.468681993,0.051541769,1,0.054210511
1,6,403501,6001403501,C,C11,17,17,36084,,,6772,Oakland,CA,2019,Polygon,0.370900031,0.011337972,1,0.016336766
1,6,400400,6001400400,C,C9,17,17,36084,,,6764,Oakland,CA,2019,MultiPolygon,0.468681993,0.238124496,1,0.410772554
1,6,423902,6001423902,C,C9,17,17,36084,,,6764,Oakland,CA,2019,MultiPolygon,0.468681993,0.003490574,1,0.01324978
1,6,423901,6001423901,C,C9,17,17,36084,,,6764,Oakland,CA,2019,MultiPolygon,0.468681993,0.011105279,1,0.034125309
1,6,400500,6001400500,D,D5,17,17,36084,,,6765,Oakland,CA,2019,Polygon,0.081527867,0.548420747,1,0.196907468
1,6,400400,6001400400,D,D5,17,17,36084,,,6765,Oakland,CA,2019,Polygon,0.081527867,0.451579258,1,0.135506192
1,6,400300,6001400300,B,B10,17,17,36084,,,6766,Oakland,CA,2019,Polygon,0.039108476,0.134962557,1,0.012367773
1,6,400200,6001400200,C,C10,17,17,36084,,,6767,Oakland,CA,2019,MultiPolygon,0.526523345,0.089412745,1,0.20489119
1,6,400300,6001400300,C,C10,17,17,36084,,,6767,Oakland,CA,2019,MultiPolygon,0.526523345,0.610274015,1,0.752921699
1,6,401100,6001401100,C,C10,17,17,36084,,,6767,Oakland,CA,2019,Polygon,0.526523345,0.123258962,1,0.18963415
1,6,400400,6001400400,C,C10,17,17,36084,,,6767,Oakland,CA,2019,Polygon,0.526523345,0.000215192,1,0.000417026
1,6,401200,6001401200,C,C10,17,17,36084,,,6767,Oakland,CA,2019,Polygon,0.526523345,0.167948706,1,0.343233724
1,6,400200,6001400200,B,B9,17,17,36084,,,6768,Oakland,CA,2019,MultiPolygon,0.134744933,0.158219419,1,0.092785146
1,6,400400,6001400400,B,B9,17,17,36084,,,6768,Oakland,CA,2019,Polygon,0.134744933,0.797732973,1,0.395629859
1,6,423902,6001423902,B,B9,17,17,36084,,,6768,Oakland,CA,2019,Polygon,0.134744933,0.044047551,1,0.048069293
1,6,403501,6001403501,C,C12,17,17,36084,,,6769,Oakland,CA,2019,Polygon,0.154306622,0.005461012,1,0.003273645
1,6,401300,6001401300,C,C12,17,17,36084,,,6769,Oakland,CA,2019,MultiPolygon,0.154306622,0.870374955,1,0.406539968
1,6,401400,6001401400,C,C12,17,17,36084,,,6769,Oakland,CA,2019,Polygon,0.154306622,0.124164695,1,0.065649905
1,6,403502,6001403502,C,C14,17,17,36084,,,6770,Oakland,CA,2019,Polygon,0.159715227,0.344555767,1,0.781358453
1,6,403501,6001403501,C,C14,17,17,36084,,,6770,Oakland,CA,2019,Polygon,0.159715227,0.526181952,1,0.326479633
1,6,403600,6001403600,C,C14,17,17,36084,,,6770,Oakland,CA,2019,Polygon,0.159715227,0.044546275,1,0.0472369
1,6,403900,6001403900,C,C14,17,17,36084,,,6770,Oakland,CA,2019,Polygon,0.159715227,0.06701303,1,0.055964749
1,6,404000,6001404000,C,C14,17,17,36084,,,6770,Oakland,CA,2019,Polygon,0.159715227,0.01722756,1,0.019200693
1,6,404102,6001404102,C,C13,17,17,36084,,,6771,Oakland,CA,2019,MultiPolygon,0.361533642,0.175629085,1,0.714480681
1,6,403501,6001403501,C,C13,17,17,36084,,,6771,Oakland,CA,2019,MultiPolygon,0.361533642,0.092216837,1,0.129518784
1,6,404200,6001404200,C,C13,17,17,36084,,,6771,Oakland,CA,2019,MultiPolygon,0.361533642,0.082587723,1,0.028338375
1,6,404000,6001404000,C,C13,17,17,36084,,,6771,Oakland,CA,2019,MultiPolygon,0.361533642,0.169061349,1,0.426520445
1,6,404101,6001404101,C,C13,17,17,36084,,,6771,Oakland,CA,2019,MultiPolygon,0.361533642,0.478087716,1,0.780368576
1,6,426200,6001426200,C,C13,17,17,36084,,,6771,Oakland,CA,2019,MultiPolygon,0.361533642,0.002417365,1,0.001672005
1,6,401300,6001401300,C,C11,17,17,36084,,,6772,Oakland,CA,2019,MultiPolygon,0.370900031,0.237220314,1,0.266330586
1,6,401100,6001401100,C,C11,17,17,36084,,,6772,Oakland,CA,2019,MultiPolygon,0.370900031,0.387631028,1,0.42010303
1,6,401000,6001401000,C,C11,17,17,36084,,,6772,Oakland,CA,2019,Polygon,0.370900031,0.060654839,1,0.050485683
1,6,401200,6001401200,C,C11,17,17,36084,,,6772,Oakland,CA,2019,MultiPolygon,0.370900031,0.265653618,1,0.382444361
1,6,420200,6001420200,C,C1,17,17,36084,,,6773,Oakland,CA,2019,Polygon,0.38495568,0.308574367,1,0.665117252
1,6,420600,6001420600,C,C1,17,17,36084,,,6773,Oakland,CA,2019,MultiPolygon,0.38495568,0.035204132,1,0.044462062
1,6,420300,6001420300,C,C1,17,17,36084,,,6773,Oakland,CA,2019,Polygon,0.38495568,0.316910062,1,0.130917211
1,6,420500,6001420500,C,C1,17,17,36084,,,6773,Oakland,CA,2019,Polygon,0.38495568,0.31568411,1,0.756074116
1,6,422200,6001422200,D,D2,17,17,36084,,,6774,Oakland,CA,2019,MultiPolygon,0.743028476,0.106416042,1,0.303473164
1,6,422300,6001422300,D,D2,17,17,36084,,,6774,Oakland,CA,2019,Polygon,0.743028476,0.183388238,1,0.630158591
1,6,423300,6001423300,D,D2,17,17,36084,,,6774,Oakland,CA,2019,Polygon,0.743028476,0.003873805,1,0.010261106
1,6,423100,6001423100,D,D2,17,17,36084,,,6774,Oakland,CA,2019,Polygon,0.743028476,0.349310119,1,0.897919647
1,6,423000,6001423000,D,D2,17,17,36084,,,6774,Oakland,CA,2019,Polygon,0.743028476,0.351823799,1,0.927382535
1,6,423400,6001423400,D,D2,17,17,36084,,,6774,Oakland,CA,2019,Polygon,0.743028476,0.004693156,1,0.011955902
1,6,406900,6001406900,C,C24,17,17,36084,,,6775,Oakland,CA,2019,Polygon,0.470032875,0.166838382,1,0.23266658
1,6,406800,6001406800,C,C24,17,17,36084,,,6775,Oakland,CA,2019,Polygon,0.470032875,0.266681297,1,0.355773674
1,6,407000,6001407000,C,C24,17,17,36084,,,6775,Oakland,CA,2019,Polygon,0.470032875,0.478771952,1,0.675848175
1,6,406601,6001406601,C,C24,17,17,36084,,,6775,Oakland,CA,2019,Polygon,0.470032875,0.07457267,1,0.121377745
1,6,406700,6001406700,C,C24,17,17,36084,,,6775,Oakland,CA,2019,MultiPolygon,0.470032875,0.002512245,1,0.00181643
